hash,from,to,value,gas_price
e24e578874d01ca4b25ba7f9e0f44440c60042792df7918ec8882e87da587dc2,0x8A70593054706247Fe4BF15897438389C9e6f307,0xDb48Ee7380a4aC34F142039B92A0d5202E5432D8,0.0,44.212817929
cef3aeda75d11660619350a234b1d59083d14844e06d0cd54a25ef1a04633c94,0x9642b23Ed1E01Df1092B92641051881a322F5D4E,0xfaf17849fb05a11a4E233f221bAc99CA43Fc83f8,0.0,12.912670347
9c6df4443eab1fb86740d0d2001e51df68206bb7232770db7ce7d0c6cdb96fb8,0xB6744Df36dC47c5A95728396726F5765b8E24965,0x3fC91A3afd70395Cd496C647d5a6CC9D4B2b7FAD,0.08,10.737882642
f70c74e3589b93941bf778be45044aa4ccf2bb774a84acc5aada55849931477b,0xa009fa1aC416Ec02f6f902a3A4A584B092AE6123,0xfbEedCFe378866DaB6abbaFd8B2986F5C1768737,2.1622993e-11,8.561553321
03cac92bc0b5c1d1193f70ffe6726a57bcfbf5313b4a37bd8ca58b4fbb75a62a,0xDa1fC9dF04F6DfaB3b2913C3DFB42EE1869d4081,0x8CC51c532f5A71210D19d87D3d8a1E6F50AD583c,0.46,10.561553321
f73030b7ed4caf29a24a2b54199b82b54c50379acc9dddb74e20128a63e9bc61,0x8Eb783ff3A9bc252e5a908CE4A5e29877dF85Bd8,0x8CC51c532f5A71210D19d87D3d8a1E6F50AD583c,0.03,10.561553321
9c7a8b30e273b927b3046f0c285a6651b3612bd930fc307830d4eb8148ac2284,0x555CE236C0220695b68341bc48C68d52210cC35b,0x663DC15D3C1aC63ff12E45Ab68FeA3F0a883C251,0.0,10.501553321
71dd9e9ac970993a2e80e02f9859b453a2cf23cbb40886c7e9fcad11bae854e4,0xEeAF25aD4f51fE2f57Be2F206C9d8A568A618b99,0x5c7BCd6E7De5423a257D81B442095A1a6ced35C5,0.0,14.458254485
7898b3909c3b5692311c36db61b82c23465fe860898990341481ebc660a76885,0x147B12C06D9e8e3837280F783Fd8070848D4412e,0x5c7BCd6E7De5423a257D81B442095A1a6ced35C5,0.0,14.42633285
097327287f9007a710be1d49fc9b45f6375ff9ec5386e66bf6201ef81c999673,0x19A2D42166bE109E86ff188ba7494FE10d12Efc2,0x3fC91A3afd70395Cd496C647d5a6CC9D4B2b7FAD,0.0,10.561553321
9f6cc5a1459c6938b0dbce2171cdff3c8e1be692dbe6eca460c9c8a76d2c5306,0x24a42D2a715BAcB4eB59daE5B219C8dAA2D4fd55,0x3fC91A3afd70395Cd496C647d5a6CC9D4B2b7FAD,0.08,10.561553321
bbf2cefe868fba4f318787cff200eb2555ca2c8039d05b23a3724e493b200260,0x095641a29FFEfA77072E13ee7530c7bE681AF344,0x3fC91A3afd70395Cd496C647d5a6CC9D4B2b7FAD,0.02,10.561553321
99ad18eb9cb3c85672a53c83db6797cbd042da3e61e621bba2942d710f4b8bda,0x875E3b886f042932C575d82386a478152AA7bd42,0x3fC91A3afd70395Cd496C647d5a6CC9D4B2b7FAD,0.5145781812846475,10.664220412
29c40868b1815c16e0a59bb62c11ce9bc48e989f92e229f50b85d71558022325,0xBE49Bd130e126A917dDb5FaBF7cDeB6DD9887f40,0xBBaEd797939902Fb169933180b644be7F50Cae95,0.0,18.45694987
1cde0877cc7e911948adfe58ec4855d4d8cdc0f9f75a9bc3a22f92670aeb5bee,0xbAa7A5d246d350603533903Ea37A782D91bedC5C,0x29469395eAf6f95920E59F858042f0e28D98a20B,0.0,10.443353321
01d134db17ef947a64f21046c468408a9bb1ca5044bbf90b1fffad98568df5f1,0x4F92896D132D75b966Dd7b4BDcF13BaB9b070dE6,0x3fC91A3afd70395Cd496C647d5a6CC9D4B2b7FAD,0.12204646684857054,10.664220412
86786f36b79b7032d74804129617270cb9b899ea43e94861db03d2f140a88c13,0xBd19878Ad64CEAdBa3dc758BC2cc8Fd8642304D3,0x8CC51c532f5A71210D19d87D3d8a1E6F50AD583c,0.29261,10.561553321
9eddad6b3867361d23a7ba353b3d649109c6eb18cf3e1ad24b8ef775aa4b21d3,0x95480d3f27658E73b2785D30beb0c847D78294c7,0x9008D19f58AAbD9eD0D60971565AA8510560ab41,0.0,9.446957037
4b037f4a11869228d87a41b2f9c819b8bef956c9f844c298027707757e2801da,0xff01Bb206c8c00FD623406f35562a4f1c25328cB,0x470004CDf851E83a01D6fc54B095767Fbc7b9Fa6,0.0,15.625134036
97513a76d2190e65d34c994a70b0d7015b4173d6fddd82a008c4709ea631cd7b,0xc1c0104F8EC7cf4B2fc4f86781AA6CBD0e8A2400,0xD7f86b4b8Cae7D942340FF628F82735b7a20893a,0.0,10.561553321
4f7904eb5ec75b2540ced3266ae6a826c9fd7586b62f6581de600d6238a459d3,0x9A6102680fc0c471841c739C54df061A490D6d21,0x3fC91A3afd70395Cd496C647d5a6CC9D4B2b7FAD,0.09421842477997576,10.664220412
3f7395e2021552ac983613b14a3fc35bf8aed0c8afd264ca0ecac5b995d275f4,0xa01D080163ce65F4Acd9CaAF422bA2224108f126,0x5DDf30555EE9545c8982626B7E3B6F70e5c2635f,0.0,9.561553321
893ddf7fe7b635c5c67a5ec82fc5104acd6c59cfbb5d706088a6a4b9c51ece49,0x9319676078354B7d514ea8a6119977b6776c0881,0xFb50B43D8C16c26D8447820BA2467B7A4A887162,0.016787786591205184,22.0
2d83c81874c4c28f84f41345bbcfacf04a471b890234b629604f6f295219e823,0x8C5F0C15498df79772710ec8512ea569Ef85C4C0,0x8e687c6a8256c324C58a48102E4b96470A6e8e8A,0.0,9.244466883
682b1d80697caaf461f8c2875bd19db2590898221e04a6a3ef60c5a5eabd5883,0xb523170d7d9010a5046e7753eE8C814AD9eC0C05,0x0000000000000068F116a894984e2DB1123eB395,0.2787,10.443353321
47b4d7cd105ac33b59051236d709ffd1a92f30c0513185beae119b678ecb8582,0x9642b23Ed1E01Df1092B92641051881a322F5D4E,0x9625cE7753ace1fa1865A47aAe2c5C2Ce4418569,0.0,12.912670347
da4b9d6acf20cea92bab2771a8acfc159ce94a7bc3dd207d5d183ac48bd7c03c,0xB2692F4bB43219a632558EbEb7757bAde7C23837,0x1231DEB6f5749EF6cE6943a275A1D3E7486F4EaE,0.0,10.501553321
6347b65fe6fee3e059f287efa085dc5792c4fd20269867a4a866bc2853931f81,0x03cB89A35aC9AE1456bDce43ff7b192db92549Ef,0x3fC91A3afd70395Cd496C647d5a6CC9D4B2b7FAD,0.0,9.561553321
22ce89aa43ff16cbd3870de3d8e550652291ffcbec8d7371e6541ed918409bff,0xf52605c7b778563a5a9144EF4Dc53B57463ca2c7,0xdAC17F958D2ee523a2206206994597C13D831ec7,0.0,11.561553321
5b2501fc3e5a9d86c8e0923a6d32013923b0826ad83c2f387654b88ee673103d,0xA25e72d9007245FE228fb7878c2dBb2c7B1eCa93,0xE6f3494E839F3D3Fb36c407eB35cd85D90Dc3704,0.0,10.443353321
d0921c4722629d120486bcdb05d2b546dcc818158be57c4bb1e2cd0967ed52bc,0x20011FA1A83BBa9c8357F852EC667d8439a7da4A,0x5f9Ecf757137d5Ef4330aB72d18163c2f221befD,0.0,12.912670347
fadfb88b6fce8f7483fcf79543c7f17d156e193c9cf560ae3fa691ff134c1166,0x56d47613834EdBD855bFDeF7Fa4702DfD53C31c2,0xe4199af7E3fCaF740E03238084cf4a045D0E0265,0.0,8.905410459
8cc29a15b254fcf862ad545cbab9740d869ecf614c00d47bfea61723757031af,0x1E9997a3E8272B00ae8c00c3d3Aa15F0efD03571,0xF2478a732E5232AcD0acEF5e410e230b49b35a12,0.0,11.561553321
4c1a9b2acc75685eaffdb6a2661f4a2070afd1d1251229a59f989caa25d6b3b8,0xD54338842987cb2810433e803F59c20E94dc4221,0xF2478a732E5232AcD0acEF5e410e230b49b35a12,0.0,11.561553321
48bc5cb509d39ab048eaa204c877d8071f5d5de164c37c42f7280f277e68d7fb,0x7830c87C02e56AFf27FA8Ab1241711331FA86F43,0xA9D1e08C7793af67e9d92fe308d5697FB81d3E43,0.0,9.561553321
db70c4a965b03419fe842d5e758b97098a10e184f6ac5ab0cd6d3afb58faddda,0x7830c87C02e56AFf27FA8Ab1241711331FA86F43,0xA9D1e08C7793af67e9d92fe308d5697FB81d3E43,0.0,9.561553321
583613c700320f1f48c78e8a2388ed75b5bdf4c851c4ed33fbaecd1bc3f36c14,0x45d8a8648C0e9b52ABca1109Fd881e52D40A6D0C,0x5Dc123c6100dbe5bB07dc366fBf01f63cFA8eA2e,0.012,10.329208027
ef864e9c04624951ed32e27603b44462e470fca022d201c8a22f1eff7fc5bf7d,0x2703983059c7b60515B4faB6fB8b301F7781f5C6,0xE985106251170Cf9895165d02D0806f00A4cb582,0.000680149143443744,14.912843082
6299b641794a61ac8a8307f0276cd422be4398c7d02aa8f08d2f51c2e528b369,0x418AA6Bf98a2b2BC93779f810330d88cDe488888,0x000000000000c9B3E2C3Ec88B1B4c0cD853f4321,0.0,10.443353321
5e4b6b0bf565da02ee5470e938afe644400f8bcd446e8d29c098765905ff8b00,0xa21658E236ac33C0A23393bF889536f031F1e1AD,0x888888888889758F76e7103c6CbF23ABbF58F946,0.0,10.3
694e075682ca228326d8c5ac365fd5dc9a99313df14cc1db7e57db23b5f45797,0x28f2E7888bbff2f49e9842E1c6b37fEdAFf7364c,0x33f3DB9A3E242FFc7670b50Da14e074749c9fc03,0.03377404,14.0
f719e3baab93b529537a7357136faee1e5e9afaa44858cbbab0fb1a1fee27092,0x1B0C638616Ed79dB430Edbf549ad9512FF4a8ed1,0x849D52316331967b6fF1198e5E32A0eB168D039d,0.0,9.47170799
ad4258f62c4242d88c93788ecc1279eea06138c9101c6c6b030d55c70db9cb98,0x78BEC3AdC8FCCB295A15710D9fE42CAf5e0d8B25,0xA0b86991c6218b36c1d19D4a2e9Eb0cE3606eB48,0.0,10.791553321
ff267ba33679a070795fe15f8f302be62fd37d80f0f34ec8399010ebfb337201,0x1B64F990266261F36C56b66C5AeE025EA1f35cBe,0x8e0EeF788350f40255D86DFE8D91ec0AD3a4547F,0.0,10.664220412
f81cfa6d14fb22743f3bc63bd3b84eb48cd9d2034cffef45413369a095c4b1f6,0x1B64F990266261F36C56b66C5AeE025EA1f35cBe,0x3fC91A3afd70395Cd496C647d5a6CC9D4B2b7FAD,0.0,10.664220412
9a5e166f3c27ef808184c8ec31b8a48ab77d4c24db14dbc8d69e118040765f02,0xA1280Ba719747C88EAb200F6d9b5f34b95c64ea8,0xdAC17F958D2ee523a2206206994597C13D831ec7,0.0,10.561553321
af6edbecf1b0a12f08452707b4cca1694ffb2930744ecde4051a5bcb5db5dad3,0xEf2B71a3e4B285c1071A1152a1aa1563c45C4E61,0xdAC17F958D2ee523a2206206994597C13D831ec7,0.0,10.561553321
e35b92a232fde14302a0c83d64a97fe3511a719d4052f4652d3c14c26519416f,0x9642b23Ed1E01Df1092B92641051881a322F5D4E,0xC2F57480f1C014298f272BAAcAbdd958F799608d,0.0178,12.912670347
1f4b7e5b191137b3440b0ed5027e4a865f3469e92b9905e91217ac28506800eb,0x9642b23Ed1E01Df1092B92641051881a322F5D4E,0x138f4a66f147842B0486Fb56df6174B665B21965,0.0496,12.912670347
21430668310e9cd099d98f234278ca14c7d5f15fba0e3b607cc649d9796e35c0,0x9642b23Ed1E01Df1092B92641051881a322F5D4E,0x219D05A4B25eE3d743947E5B8a6F289354A713B1,0.0106,12.912670347
453b035d912b90d10df4a403bb266a309cb54b9fb0c26bb84b8c589110eb6020,0x9642b23Ed1E01Df1092B92641051881a322F5D4E,0x4D83B45AF3be1104877c80eD0f30a06f0FAc7D64,1.10356562,12.912670347
0ab57d4d86ae8ac95f1f3e3c5bbd87c4dbd58981a93b61aea56649960d9c689e,0x807919A653bD76b82588C2894F96750a12bf9D1D,0x525574C899A7c877a11865339e57376092168258,0.0,10.443353321
00b57f7902bbbfc2e5b3753bc03e31811c6df16e8fc58001bd6282d894bfa84f,0x7eDB2b3659424a6c5bE2B384340f09A0F6363240,0x1fB50495005ab3cCaF22c5049072D4af5de4a1e7,0.0,10.443353321
bc030d013a4c1f139bc01efc841c1e3dadfcd0f0905bb4c6be6b7ca52c23a973,0x5381AF1DDEb751Cd297Ae1f87B4483E235B2bCa4,0x306b1ea3ecdf94aB739F1910bbda052Ed4A9f949,0.0,10.443353321
4a2d4da222ed70ad6223ddae95f00f28e9cdee42c7e6620d563b14bce1af4ba0,0x3BE89c9Bd51E13989766895FF845c08603D421D1,0x3335733c454805df6a77f825f266e136FB4a3333,0.0,9.126511676
243030a352b9a1546e4d3d250337b4bd5bd2615fe2e30d60de9a31c032979930,0x8DFAA42622eB8A6C57D70fCA3a6ff8A550799953,0xdAC17F958D2ee523a2206206994597C13D831ec7,0.0,10.561553321
5acc6252e4913968378a423c1e5e5487dd29653da9b9ac75220af9e55335fcff,0x397Be73c6160E5E66408924dA4aD32eA5e9ea9db,0xBc8213aF11C3Cc25C4d8390A6d9c070659C31b8c,0.000353222028804681,12.0
6d721117287aa4db50c02148f2fe1e51e8aa6f0042ef1e9d2554060b13afd0f6,0x247e2230A9610892EcFB6A2b10700297585BFE29,0xaea46A60368A7bD060eec7DF8CBa43b7EF41Ad85,0.0,10.561553321
43c0bd60a43f5abec4ae0dec56eca714b3a18f0777ea1dce53a68e6151d9de1c,0xF5A5d199bc452D3892b60B989940aB443cd987Ac,0xA0b86991c6218b36c1d19D4a2e9Eb0cE3606eB48,0.0,9.561553321
d3977b3f4a46c343d0b1a71f8f882cb693a940eda3649c1ae494a464544977b3,0x6C35aAaa3946D0055cDdF019d06eCBDa5B860766,0xdAC17F958D2ee523a2206206994597C13D831ec7,0.0,10.501553321
a9e0be827f4b88c80a8ca3d3c8d0e8f2ad0661967c9a38daf32672e24bfda38a,0x4Fca851027B52DDCc7BBfaD327a31287a00026E7,0x95aD61b0a150d79219dCF64E1E6Cc01f0B64C4cE,0.0,9.47170799
229f6ad913cb1e16442a2b5a4633858cfa9a86b220a2814e3105bd9390249334,0x83e954f10A892025BA5009a83d15248aB393CF6a,0x6F972b70756B1BF567A8631cf1a925ad8159e445,0.00445967,10.737882642
415e7120ca6fa3ba27273382b730502dd929bb12da25449816d21a023d0e2ee9,0xf89d7b9c864f589bbF53a82105107622B35EaA40,0x3d1C2C4a7a9f3b53eF3aF8701a9a3EeCdEAeC57f,0.04236313,10.561553321
188a2d29390b2ffbeab0d2692dcfd4aec88d6a4ffda8c1bf71f605ad30a60a38,0xf89d7b9c864f589bbF53a82105107622B35EaA40,0xA0b86991c6218b36c1d19D4a2e9Eb0cE3606eB48,0.0,10.561553321
9f0d72a47e15df3325c9ed41f72f867b1eb46ff8ef2f718b38ca5dd9889e91ec,0xf89d7b9c864f589bbF53a82105107622B35EaA40,0xA0b86991c6218b36c1d19D4a2e9Eb0cE3606eB48,0.0,10.561553321
3730e608cfaa458b1c594ca101bc25fb303ce9f4464536310d43581d689d2af3,0x267be1C1D684F78cb4F6a176C4911b741E4Ffdc0,0x9770B6Ca7555B933aBd1Ac3eDFa4941ccc3CE85c,0.3037694943,10.561553321
7b8add33a8a7ded2983b5b37bb3d3524545b1057164ee0c04f32c38f9e25cd88,0x267be1C1D684F78cb4F6a176C4911b741E4Ffdc0,0x94dBF04E273d87e6D9Bed68c616F43Bf86560C74,94.61133992680001,10.561553321
42aecef2b63c0e8441a697303f3f230dae8400952a1a61aed4dfbedb9c2c301d,0x267be1C1D684F78cb4F6a176C4911b741E4Ffdc0,0x068f4497E3cf4F503024F9bCCab2408A1DfDe52D,0.09429,10.561553321
aab0c84eb17bd7b9dbb6535026dd8ec6ac66e0604035dd0f51215736b5cd22ad,0x267be1C1D684F78cb4F6a176C4911b741E4Ffdc0,0xcF48463FA7779ED9D5CD77Ead49CB5FE52AA2AEb,0.02130786,10.561553321
93b37b46132826557d2a11d8a41954bb8ad6bf21141ac94bbc4621a0f01c9074,0x267be1C1D684F78cb4F6a176C4911b741E4Ffdc0,0xBdc32f01644Fe6b67b5a4E474190bcf2C6A1355a,3.596557,10.561553321
4b80eb07fe6bd6b00c304f78bdfb675f36e1d6cfdd931fe3e73eff8da89b65c7,0xFdAf5407C16d8418044bb7440a76583c52a8ce57,0x9A10Da8Ce77F26231860764a2CaaB36E70584c4b,0.09146320738025901,10.561553321
58860de2800ba3b82fda3fa3624841c43790e78f8e93e893803937286cc44800,0x9A10Da8Ce77F26231860764a2CaaB36E70584c4b,0xd11d377054700FAF887e57d5cC40c0391687D31e,0.000487236139357693,10.561553321
f4d218bd0da30742b4686da47acc176e0c58ca3a8771192b2a43d4afd9f93245,0x9A10Da8Ce77F26231860764a2CaaB36E70584c4b,0xa4FcF6629E45314Ade2Ee6835F28d0A0309ba658,0.08020743,10.561553321
bd1a95a0dfde3e820b561ddf6b1d64d3bde15c64e32356507a4cc3f36f654efe,0x28C6c06298d514Db089934071355E5743bf21d60,0x1CDb2627F64CF5f36F827fa0D731a86CAC4C4CaB,0.01428193,10.561553321
47a03176b1b58b9a299396cdfda3542d838a77e6f8467de3e94a64d4b16c3c51,0x28C6c06298d514Db089934071355E5743bf21d60,0xA0b86991c6218b36c1d19D4a2e9Eb0cE3606eB48,0.0,10.561553321
0c8143a8dc1be38a1545317d4e0643c004c64ed54cc895e1a341c55475389722,0x935f64B44B5C48A1539C4AdA5161D27ace4205b5,0xdAC17F958D2ee523a2206206994597C13D831ec7,0.0,9.459026172
286fe5588f30ab125a1a50b8835a0bc7127f3c90789a6e205eee2f1fcfa2ff0c,0x9AbC4f6f6974C701ed1E0816D3C08736aE9B7A4c,0x11445556532267a34c69eCE1222B42c90179A2d6,0.01036629514502462,10.517364959
5deebda8b0acd49b18b78d41d3cf0c97dfefde0e0fb216ca16beff80b7b0b24c,0x90b37450eF3A4e8DfB27E6C752f12a860BCad8F5,0x1CD098135b6Ee8b42F8FaD78EfEdFCa4a3C2469D,0.95,10.517364959
ea49b4ead42290dccbe82aaa6c422d978daf57a6dcbb2a1ade7e305625e2644a,0x4F8487BEA2369884c55A7c20E823610973A78f8B,0x3ca5D0c44442cC0b47c978Af8A08a084CDdbB419,0.09,10.443353321
509df98c9a22be71d18a0f42ed0fd38a28f1843d1e9ac388a569b20981673bbf,0x07cD5843d74699f69B5780876EFf93FC0Ee858b5,0xcE72bc7619D20f9D0026157084447C1e1fD2098a,0.0037656,10.443353321
769aaf89b226541304a5e94c072889e50e63d961cd42dbf3f2beeb9fc6518df9,0x51095C3315f4Bf19C747Bfc2c3B5a7448574f7bA,0x0dfB9B5bEd381D212701cB92eceC4e4b78a10259,0.0869,10.443353321
81d34e6663ba3569ecbaf70ffe98bcf340440a1c4188a65b0152f05c0c90625b,0xC94eBB328aC25b95DB0E0AA968371885Fa516215,0x0B3424e20C53F383FA1099ADB1e7FD6e8d2E03f5,0.06302727099457744,10.386485488
0fdaa09a35e1050814ff4ff05d0d4593b4bda5d51250361d19a98241f49d00ea,0xC94eBB328aC25b95DB0E0AA968371885Fa516215,0xdAC17F958D2ee523a2206206994597C13D831ec7,0.0,10.234303668
f6665b90075de2b4e17ad050ce3c21cd7ee32d6175df411c3710f17af3d56f63,0xC94eBB328aC25b95DB0E0AA968371885Fa516215,0xdAC17F958D2ee523a2206206994597C13D831ec7,0.0,10.234303668
29a5645a298725acb3658ad16bf188dfbf8b8d11d74efcbd0aa524355f089838,0x14CB9b0D268556cc4c056801F88CfC2B1a19cE3d,0x1318d750CdE4D9AE64FfC76803952d3ae8DFe39a,0.0004182,10.386485487
f6c7d2e8fb752da6f47c68a0bab679f58f63caa103fc064411a38b540ba19b15,0x5D92d64Aa36479560A0F1885cf19d07F402f68cC,0x9A646849DECC11392a76079BE92A65D11fB7c442,0.18029379324067502,10.386485487
51e682b15664ec787fa036bcd87b7d8af23e3b3fd2a8f33f554962f7ee4338eb,0x033534e31Ad576A354Ee2BC9aEbab3EFbE47a022,0x0000000000001fF3684f28c67538d4D072C22734,5.0,9.561553321
2503ac30cac5e8e956419e7640d533aea5c23c3a263cabd4eb7ce86abf52023d,0x264bd8291fAE1D75DB2c5F573b07faA6715997B5,0x5cC73Ff4e266c5c392c55bD4bcF57AAC4903c537,0.02934065,10.0
fc943373c9822d293cdd51415690ecd5dbe18d7ee146015d0196990d56e397f7,0x264bd8291fAE1D75DB2c5F573b07faA6715997B5,0x92CbBEe6477FE40406aFFB411404484c6AEd1dd8,0.00777022,10.0
573aff736bad407535cd7bc480f5b4377644b38c089e6276c628481ddddedbc6,0x42AE1d6A320e93f119d6f136912cfA12f0799B8A,0xdAC17F958D2ee523a2206206994597C13D831ec7,0.0,9.206542971
bd0941be55c524e6083a3ae8845135cf985804fbbdbc148ebeb74dabf8b173d6,0x6d0d2d0fc514790213a8A8d107A961Bb22714945,0xF047ab4c75cebf0eB9ed34Ae2c186f3611aEAfa6,0.0,10.9
989ef477a8e9ea2398e2b78c351374df23fae2e823945f6ab7bf5090f6f1e997,0xBeC69dfcE4c1fA8b7843FEE1Ca85788d84A86B06,0x29469395eAf6f95920E59F858042f0e28D98a20B,0.0,8.905410459
055dbf21c2e1239c9698783f9f81119a989296b0f51f717efbd0da1fd4669f26,0xCb9F98DD357FbF713F1200fc25674f628a61fAd0,0xF2478a732E5232AcD0acEF5e410e230b49b35a12,0.0,10.443353321
1ef8faf380583546715353e582137a317dd58c2ae2e4a63cc7dbfd3c1789e0ff,0x6fEb58af656e07B6E09371000874d8E0810a4A27,0xb300000b72DEAEb607a12d5f54773D1C19c7028d,0.0,8.661553285
ed3402098cdd2677cebac15fc1da889736e460c72f725d77a026d205085fbdfd,0x5442feef7948775bDbc653D07eb9756d0Edddf47,0x6A000F20005980200259B80c5102003040001068,0.0,8.638611883
01dedd02147eaacb241ec054ada49fe8d3117f85dd056f916402d4310e8c5ad8,0x3247f6b66F24F672EAcF52080e0381fA45DEb307,0xAdFF171A0209503448aB003C1510a0dA506bb4BE,0.002434972797235277,9.47170799
59b4a66d87db602598db015b5e538f32b002ce09fdcf56e1704123954b95a6c2,0x151B381058f91cF871E7eA1eE83c45326F61e96D,0x9F6c52b11f4d65Ccf671939C008399241827A599,0.0308,9.47170799
b8a9900fbdd1e5aa0525c49ba1b8fba81a2da40c92b9726fd727e01a1c8f46c1,0xB32C78FD1EA10210fE6ADF1216307c7EA564123F,0x3fC91A3afd70395Cd496C647d5a6CC9D4B2b7FAD,0.064,10.737882642
65eefbd7d2aa9b3be939034c48f9978b7bb3c68fdcc49744d921a5469393c502,0x31Fc2cb761083A77cf218461e2072BCea0Ca35EF,0x5DD0Ba560Fa9d6A339d58921307ADFaB972032a2,0.00989,9.381445029
681d7d72a4b301b843301d4398d429d646fe1b8b5f9134d3012eb2a13147332c,0x60b6b72Cc03aC245D869419BA45C6433E3beEB79,0xA0b86991c6218b36c1d19D4a2e9Eb0cE3606eB48,0.0,10.3
5f0a418c25d0301d6d3a360fee2a9a9d56f3770ad3771dd857fe8c532a97abc5,0x04e12dFc37bcBef887f644f7782FA61e4332587C,0x3c11F6265Ddec22f4d049Dde480615735f451646,0.0,9.561553321
fa80dc47a2ce8be1edbedabc1547af0ae350811b33540f9c60882af5a9cdb43d,0x57d8DBADF8665941c8435D6c86366808D93F926A,0x7D0CcAa3Fac1e5A943c5168b6CEd828691b46B36,0.01591994,10.561553321
39b4b11316bd94a087c828cf36429d0c30537ac2bbdb97481990791da8e57f17,0xE632909382D039742066F3F3d7BB1d17d86D9d0b,0xdAC17F958D2ee523a2206206994597C13D831ec7,0.0,10.398975654
7bc08482a44dbfe060f5cde4680b64f7eb79afd5f3aa11e95a9a7d1cdd0704f0,0x49C107522790f4c4078b00AE7EaB0395A59D1fF6,0xB685760EBD368a891F27ae547391F4E2A289895b,0.0,9.561553321
be5827c57da112f3a0b26110a57232908de8057232e4548d763ee4fe1480daaa,0x81a59a22983ce2ef9D77424f32F2E6D802a4b29C,0x24a65DDc2949DeC27cEE9bEacFc23E4Bc86B38D8,0.0,10.3
2b870065b518073dce84f2bb6af502e5bfa8dba675888f13df384105479c203f,0xF82EF19932F5297655EF69774dE2a2AbadefDe9d,0xb2ecfE4E4D61f8790bbb9DE2D1259B9e2410CEA5,0.1299,8.611553321
9fed732e4a299685c86bb9fd13cc3fb8ef01961e55ce492c4db33d0face9ab6c,0xaA1D4F4cE8DFD9fEA7425294B9f3C18f5d2dD1B2,0x5c7BCd6E7De5423a257D81B442095A1a6ced35C5,0.315,10.737882642
29cc15fcdaf99cb715a2e4b6363420e9179211359bceefc091749e8940c46cb6,0xE75288A4c6258BE425AfC620A0b2e1d981F9bf29,0xd1b624f07a4D9B3e3746E33cb58f42dF079b5444,0.0,11.382024066
b391054625d9ab1d222c8a09f5e5449fd94f562a2d0b7dfeecd21abe8b04aefd,0xCFA5402826d018D76D0A54F74707137422D2009F,0x57921ef2Ef92A9E419353ecF165a0065ae89C361,0.0,8.661553321
411085856bb62ba465d1ce95c2e1e5d2313416765fe77790debaa7d6c145e601,0x26a83478414DCdA8a41bd1f3853B325ECF92a9C9,0x514910771AF9Ca656af840dff83E8264EcF986CA,0.0,11.229842246
7991d2fba72952a0ec65051c753f3b4d938461f3cc51597d4f0c8a347a036892,0xC67182e3376c7E51e1b156767A3b0B67257c7bF6,0x630bD9f199667FD99644AB52934c8f044eFfc384,0.0,9.561841391
bdf6382ad3c7617c6eac52c242113d2a95e020f7d7bf85977d48167906cd76c8,0x2466a804F810EE972ffCb10C7aBeCf70022e9f09,0x187fE1a8B76c60b85c00A2819152ff00Ff642386,0.05,10.398975654
ff5c484b731f182695b49997c06423fd49925d8a3ef9006d728e6765aafcaa21,0x2575B4684f9D948B6e5F084b342d24fbEB88C53b,0xdaAdf98a708890Fdd8D2Cc70C5642F68A332443B,0.02,10.370838019
3540e68de0402c63ceec57c797efaa558c4474dba24fefb803d668a715c53f81,0xD39f18Cd94806105459876b2507CABa21b21dB94,0x07951756b68427e7554AB4c9091344cB8De1Ad5a,0.0,8.611553321
55c502423be5698f4408034b355378f5b22950e4ddfafca2a8a4491dfaa4ab96,0xc0b970Be6161c29B7e3BD7BBFdee6bb58cd1Afab,0xadd39272E83895E7d3f244f696B7a25635F34234,0.0,8.655404573
406e84cdaa9396891c37c8be204d0d4babfc076ca4b5c11d68e88c4084d55daf,0x1881ad6e231a14A8Be0f9AE6f9EFd8f3CFb09919,0x1929347E025D4F5F8D6B2Bd2261e2f4EfcAcd215,0.0,9.381445029
b58a75e8b50a1eefd6b17e9b98cc89c0764d80a844e1fb5e182a9532f3934922,0x1AB4973a48dc892Cd9971ECE8e01DcC7688f8F23,0x944824290CC12F31ae18Ef51216A223Ba4063092,0.0,8.665271172
f37acef66569982da21533d86a46dc2aaa2ddd01f4d1211cee23f59c21a4b5cf,0x1AB4973a48dc892Cd9971ECE8e01DcC7688f8F23,0xA0b86991c6218b36c1d19D4a2e9Eb0cE3606eB48,0.0,8.665271172
cdada440201759a3b196b80d763d77233772d0ac0739fa3bf65850014027fec0,0x1AB4973a48dc892Cd9971ECE8e01DcC7688f8F23,0xdAC17F958D2ee523a2206206994597C13D831ec7,0.0,8.715271172
bf0e3cb02d969747b6b4028fc53b21e062661b4108a9eba77d4c2515086366b5,0x0F6cD8862ec544f3220d2CdfD0C30DEA880Af1E8,0xA4C377ae41b18A69669118dd1F5B0C7bd2a2EAc7,0.37217307912495406,12.0697085
04d77a7b8ab1d4c0464f7e6ef36c55a53d78fbf7c19545b965cbed18835131b0,0xB50C6B5a2656C545Da4731532E9984c2e7740bEd,0xb0a583eBd6fFD4CF9436c42aD1891132E6d83571,0.002358193842921774,12.0697085
8dfc2761a2feff21eb8320602f3c3c1f90f2f361c5a3fb0d618cde5772ffe750,0xc081Bb42376A36b953A79390dC6663D6Cc4A0F49,0xF3BFB11D5c55c102380e7F10d913E4bEbeBA77AE,0.29962353612150006,12.0697085
1e78b800d3bdc98ef408494a8e1a9845934187f59381c0e6645d910735396755,0x95a2Ba8D83b79672D1DD2c462536cD5b31d47cd2,0xdAC17F958D2ee523a2206206994597C13D831ec7,0.0,9.561553321
17604e45252af930dd1d88251f90febaa5b748b09251e595de3c8480b63e0bda,0x988F102735E675BAcA9f92F28F8728E6E1df1Ab1,0x63A4539e3c79ff5b6A87af013138115Df2685228,0.284944609466527,11.382024066
fd372b999639cbf27556afddae08a12eeebddadad293fa0107e34ff0339f069e,0x7415EdCB3dD79987daC1789Be39b277b98e86B75,0x2545Da60F8d085D32384664AEd720A346dd37a58,0.879135877494614,11.382024066
e39df2733b55828f139ea98afb7226c8a35ea8553d8aba390f33ae7a9628b0ec,0xe6cd6d06b59b896Af566562E3CEb82D6a0f2F36D,0xd6a97C1B077961d965A8e3F05b522ff6aDecd43c,1.689137073827845,11.382024066
a184593848ab8f5f4a30f95d96a0bfdca41dca91398bb304052f83202c7f522b,0xa377aa6822603Cc52e4e9ed6eaa045c46Ef6b3E2,0xB685760EBD368a891F27ae547391F4E2A289895b,0.0,10.190434128
46b8878b3099a44696fe1d0782b4c109a9637e19ef131ebbd7726c704e30e349,0x1F12757f6c643F62721c6bD786Bd504b5A7018c0,0x9D0cd78f32F43B1bF6745eCa1B12217773673539,0.004411638246420309,11.229842246
ea340b91329ad06498932fc93c91f2b6d2c5d7b7c432c72c5a683f207f66140f,0xfc3607d43148Eec534bC078d17b168DE4A2feb01,0x0e954171A7d4277d284f07de4769441aA9a6223B,0.007166635575584972,11.229842246
d53276ac9ed9cc96a2faa1339f20d8329205107254256ff065ea47fb84db43df,0x55Cd44143B0A74adEb093bfddb654636a221246b,0xa5F565650890fBA1824Ee0F21EbBbF660a179934,0.052,10.211632794
b5ee0a0be3d4d8b70a6e8cc8026d7d56cea1eb5c263c5bd60026e7a6a25cc268,0xeAaBCDB358339D6868B985efbeEc8E60a56B81AF,0xdAC17F958D2ee523a2206206994597C13D831ec7,0.0,9.561553321
80e3e6ba663ea750a0a2c3734c3f62bd59b77c2b95d4c130b491197c9a78cd70,0xB3A8033e5bB26Efcba5ACD05965e671Da948Ca02,0x7D0CcAa3Fac1e5A943c5168b6CEd828691b46B36,0.0,8.570353321
c76e2473ac233d2d16b1269af0cf310564a42f79aafa05b36bebcef532de1d14,0x7eF454ED6E794CFfADb7C283bf5fe30c6BDb4Be1,0xa03BB55A3c5e2DA651fC4Eca1AaBac2b2c0B2cA3,1.3256085523288408,8.655404573
4cdbb3771bc9d6c3c70123d90450dbb4c2a503926a0e15c071f54944a25827fa,0x275727af3048ffF5749f731b29a265EC54291dFD,0x6131B5fae19EA4f9D964eAc0408E4408b66337b5,0.01,8.569753321
37f2483d5663e84469db6cae1eada2d22963cc6504cf165d0ff064a33a4b0422,0xf70da97812CB96acDF810712Aa562db8dfA3dbEF,0x5735b9613e3851dD106ea585fe5D41544714fD46,0.021971524177279163,10.203795931
7723f55d239d5e6a1af0078fe6ec7f00724a842a0398e7d7eaa037342fba98f3,0x6a6bEcB5ae6c86aEB4270E4d66B87338b346Cedb,0x0000000000001fF3684f28c67538d4D072C22734,0.0,8.569553321
a94495df668cf1ceb4d960eda2f76e1fac36370b2983a211f167cb97abecb3bf,0x7040C2De5fBeeE880a9664625aA2f90f5aAc4BF9,0x7627e6E1e9f269346889a69Fd810f1A346798912,0.025,9.561553321
e63785319f27e25d532da53503ce35391816c3fd60bc723d39292fdf4c1f766e,0x60c8Bd67354E74FcbE3F1eb1FE554f0Ce6111a06,0xF505B54f7414796161D2058Ee8D0277557157a7E,0.3,9.561553321
a4cbd7a97a07355f129dae48822db7e437951261f7351f8fee8cf763127774b7,0x3c244DDE53Be714e617812D2Cf0C954950b2d751,0x0000000000001fF3684f28c67538d4D072C22734,0.0,8.661553321
7ae3c4ec844fc8fd6d13613f223d3db3a5058bb551257756faae5b1130de19a3,0x886740f210b2835C743207A33c16c678E1EA9Cac,0x1111111254EEB25477B68fb85Ed929f73A960582,0.05728295342759552,8.661553321
12c1b85e9bfbfe89a959532ef7fa51c63ac733b6aa5056d66775ce956c9888e9,0x83f5150dea0b767e4d0b2FE9d27806ea03539Bc1,0x253DD57300904225762960755B7662e6ae06492d,0.010757270057425997,8.602449682
30f80828087a3fb9e08dd2181493e5496ea052ea035d8952e000b80da5d7cd22,0xc82A45435d396c594dd16170bD5ada669E18E348,0xeb9bf100225c214Efc3E7C651ebbaDcF85177607,0.003,8.565271172
c8a62764ddf854d8a76a86572860962422ca712711d5157a815aff6a04c9aecd,0xC1466a0a0e2a8BB9304823087643Fec98957a73B,0xD45884B592E316eB816199615A95C182F75dea07,0.0,8.570953321
afaf8c28fdfdcfcb9354e8f9d44450ce5cbae8dbd56fa51f39fb861deb58f122,0x069866D7fF03f3ceD096f415EAAc18807aABeAeA,0x964d05383433cAF3705E0Fc934B1Ff8058c96Bf5,0.007,8.661553321
3e239ff60e6ddf111bb9bb249d2b5e9c603953f7d466e83e7f04d7d39fa789d4,0xd92ec9016d35678C263e9743a8cc91611fB7C866,0x7a250d5630B4cF539739dF2C5dAcb4c659F2488D,0.0,8.565271172
9115ab49554cf042088ad40772c59c9e00a5ccb0881927fe9fd9795a7ccb049e,0xBdc32f01644Fe6b67b5a4E474190bcf2C6A1355a,0xc9494Ff7e688873FbCc1E8b45e3903C6e0fC38be,0.404527,8.580142576
3104f05ea7aed833370c6c3ab28b4a8d7dd4b44e0b4dd52bbe5e3f3f8765076d,0x04C079bB31DEeD8391015eed8D6b625A40957058,0x6aA56e1D98b3805921C170EB4B3fe7D4Fda6D89b,0.0,8.565271172
2a6b190e3f3159efff8fe643006d8db90543cecb80f0a7b4f182117c557e33fe,0x825EbBf4de184A72C232468dB6180671e1cC5093,0xb46281327cF83c83CAF83E4E5eA9D875BA415415,0.00069,8.570353285
eeecd9531dbea2d01dda565f3ec9013c2bbdfd84c5fe7a5f38436c4978a269cb,0x777Bdc3e2c9699BfA506cb0b0F899a5B76810c95,0x636915CFa7A46692B434559b740E6AE575B4196b,0.014304170104019388,8.569553321
6a73403984522973ef9f9cf636df1d75225008b5e8eea1a136c1f1b1227f25d0,0x9C19B0497997Fe9E75862688a295168070456951,0xa70db5925d644104b0b15a2D632014DdC3e6DcFD,0.95244,8.568989023
d05d8d5730994d395a6e1bc849ac453f075957c5d101a584bfe7556e705d9ed1,0xa1AAA143aDd0afC056ad50F115cac2a4128ADf21,0xFe0c30065B384F05761f15d0CC899D4F9F9Cc0eB,0.0,8.611553321
a81a873518b0f759785ccb8ca198d276112a714147c90c2075a975db52022f48,0x016606Acc6B0cFE537acc221e3bf1bb44B4049Ee,0x1DDCE2CCc41Da605dD708B3A68d3111bD04505bF,0.0989514785008,8.567130097
93503d1ecc3f2a1fc4b5ee76663768620d10a0a55e807dd74806c922454f43ee,0xfffCeb755439Ac0144783170239a82004C066dAf,0x46A887CCA94FE4d5404c68F74dD5fcb9eBB8151D,0.0384,8.567130097
0e01b817f8d7c47617870470a402f1fd84954956983c071e8228645b56e2efb1,0x1F65bA437fb6e7535C2D4d27D37Cc2AFab9f854F,0x7CA99dC73B06E2B4Cdc7bB145026A0c6d94C897d,0.03,8.661553321
dfd4d343f802b25775d79e6e02615bac687e361c8b2e8cb5585373752e5b5527,0xB4bB9d772D400285B8E8f0C8830C15e87014ea74,0xdAC17F958D2ee523a2206206994597C13D831ec7,0.0,8.611553321
e3db3e593dfe2ce0c2d120afa6bbf6ef971285243edb0cbb764a633da898a10e,0xB4bB9d772D400285B8E8f0C8830C15e87014ea74,0x6B175474E89094C44Da98b954EedeAC495271d0F,0.0,8.611553321
f1fe780e76ad8734b5973a8ca1d3879212bb73b97445c3fb46d27a04f1317fa6,0xB4bB9d772D400285B8E8f0C8830C15e87014ea74,0xdAC17F958D2ee523a2206206994597C13D831ec7,0.0,8.611553321
12ce2920f0a5fabce7537220c2e1268b76b6e1e5033ef7b3169f70a61d50d776,0xF3067321ddbCa82EfCBA522B8412d9269461972D,0xc62d3d5059a4d39f4D081e2E273b8aFa700243bc,0.09256,8.565271172
a7ac5d3e4e01cfb7c20597d10a0704e523e9673851a10f2faefabc6ee3bf65bf,0x05D8050899Ce3FAad5FA055FF50e71dEE8A34CCF,0xab05AfBf3BC5B9ef7C68c934401EFD05301DcBC7,0.0292947,8.565271172
ff5b2a4304e1505c9359db31f2f57adde0d85e8293f3ea4795b59157c9a753f3,0xd2674dA94285660c9b2353131bef2d8211369A4B,0x5a8B851FD7B28d3cd1F9C8Ff6Dc990f6119690f7,0.9540392,8.565271172
6fc891b2ed0d779ea015025c7807befd535b68fdafa67106874e10b6de615e50,0xd2674dA94285660c9b2353131bef2d8211369A4B,0xa948eE6C2E283a5Aef227b2dcC62af8F2d1d7aCE,0.0123771,8.565271172
abca09a34386cfdc264bcb73e9564b3dcba9d2bf7655c87f3e70db2553fd6f36,0x77A9Dbf35710C29C443B282FBA369f5FD438a45a,0xDFaa75323fB721e5f29D43859390f62Cc4B600b8,0.009248107951137,8.565271172
93516c666a9c38e909ba93a3139442957e33ce2090aeda648015c55465991911,0x6c13C9C18fC43c804597Fa33a7bD62Ed13dC7D63,0x1E60f4eB916902B754E35a4A2Ee887d7983a8389,0.01229,10.561553321
6c956896162ad86a81a318622eb7e45a1ec55388e47062e02369204f2811297b,0x3bBAc686A7900B12B398FDE5Eb26f4fA39abE133,0x8CC51c532f5A71210D19d87D3d8a1E6F50AD583c,0.02863,10.561553321
2d3b666c731ab513ee75f03274aa0b7bf3abbef29dec7abf47790c0e03c4ad08,0xD712b92E2946c5FBF18cF1e51aFAA0CE9f7f3b27,0x1Bbe973BeF3a977Fc51CbED703E8ffDEfE001Fed,0.0,14.281592629
16253ff647a425482d2b057989c5664cd566d62cdb27b7c4ee1d362597e10d7e,0xad6eaa735D9dF3D7696fd03984379dAE02eD8862,0x514910771AF9Ca656af840dff83E8264EcF986CA,0.0,9.213370617
9f3e2d0801d3ff855b4005b0ecd8531a85931dd1ca1c33170d8c2ec6a4527173,0x6C96A1D2d9a6Ef2226eBfb4eb6b2a30F5007Cb38,0xDB5cbb91120539bDF2cbA73b1f56eF9b4F289935,3.5,8.570453285
ca1e7fea15f7d2d5b8648785bcadba4405a76407315abca6a128ed06fe5fec5f,0x1f20e5bde3D19abF4E3061C43707c899AE93f987,0x428F2C947D3981152CdE991D2Ac5800885A7B7aA,0.0035,8.611553321
01733ebf64eb2011a285a325d923b0c989d98b01f9f3f139bd0aa6e7570be8de,0xd0a483aF23937A1d0723d9683B7942e108c4F7A7,0x5Dd26405E09252D1a04c88723eFAA35D1DdCdb57,1.0,8.611553321
b0086cc992c7e61deafc1592e0b3aa03eacdfe90301da4bec0c53afef52ee0ab,0x52ee324F2bCD0c5363d713eb9f62D1eE47266ac1,0x9BE0c82d5bA973a9e6861695626D4F9983e80C88,0.0,12.561553321
bd450e7ef16d529465efe7a51c446028f6cb3dbdfdaa226ca066e09df4147062,0xc89617AA66cbbd5350038B5023e63a046bB483ce,0x4e35161c4671B8b2fa4BaF338A653F1dF45bd95E,0.0,10.996506236
ad7a53ed63995e1d737d5b3519ee08b7e79124892375d3656a65ae194afaf37c,0xf1f8a591ada85B1014c63D0aBba0EaefEc4285b1,0xA0b86991c6218b36c1d19D4a2e9Eb0cE3606eB48,0.0,10.501553321
e1860e0a98809092b596d8c16e6e6abf55eb3a53d6d3209f57ca510973744a3e,0x4838B106FCe9647Bdf1E7877BF73cE8B0BAD5f97,0x388C818CA8B9251b393131C08a736A67ccB19297,0.02512385813847959,8.561553321
